{"cameraMode":{"drawMode":0,"name":"Shaded","section":"Shading Mode"},"sceneLighting":true,"audioPlay":false,"sceneViewState":{"showFog":false,"showMaterialUpdate":false,"showSkybox":false,"showFlares":false,"showImageEffects":true,"showParticleSystems":true},"in2DMode":false,"pivot":{"x":-21.248252868652345,"y":25.10853385925293,"z":-6.383811950683594},"rotation":{"x":-0.11390390247106552,"y":-0.436526894569397,"z":-0.05582337826490402,"w":0.8907042145729065},"size":68.55908203125,"orthographic":false}